{
    "site:cms": [
        {
            "name": "Default",
            "condition": [
                "all"
            ],
            "description": "This is the default adapter rule. It matches any URI and returns the matched URI's path component (excluding a trailing slash if any) as matching resource path.",
            "capturer": null,
            "modifier": null,
            "actionType": "javascript",
            "action": "(s) => this.call('sempath', s)"
        }
    ],
    "cms:site": [
        {
            "name": "Default",
            "condition": [
                "all"
            ],
            "input": "href",
            "description": "This is the default adapter rule. Removes the context and extension from the current URL's path component and returns the remaining path\r\n\r\nFor example, if the current URL is 'http://staging:8443/content/rapid/my-site/contact-us.html', then '/contact-us' is returned\r\n\r\nIf the remaining path is empty, \"/\" is returned",
            "capturer": null,
            "modifier": null,
            "actionType": "javascript",
            "action": "(s) => this.call('decontext', s, 3, '')"
        }
    ]
}