{

	"slash" :	{
        
        "name"          : "Home page",
        "input"         : "pathname",
        "description"	: "This condition matches a URI path component that only consists of a forward slash (e.g. http://www.example.com/).",
        "pattern"       : "^/$",
        "modifier"      : null

    },

    "all"   :  {

        "name"          : "All",
        "pattern"       : ".*",
        "description"	: "This condition matches any URI.",
        "input"         : "href",
        "modifier"      : null
        
    }

}